ds_codigo,ds_nome,ds_subpref,iptc_2025,classe_iptc,pop,hexagonos,pct60,pct60_car,penal_car,dep_pico,renda,deficit,ponto_cego
30.0,GRAJAU,CAPELA DO SOCORRO,61.9,Muito Baixa,353435.0,406.0,3.5630048570336776,27.86097152875989,12.05045041321931,14.201150567148957,465.60084032424635,3560475.484208562,False
36.0,ITAIM PAULISTA,ITAIM PAULISTA,70.7,Média,234371.0,122.0,2.695731124228079,17.68511192413935,6.805407640527404,5.960684636361159,412.2908589373259,2538854.062916234,False
43.0,JARDIM ANGELA,M'BOI MIRIM,69.2,Baixa,286683.0,257.0,5.0574887851444545,48.84842137801818,13.659888311117225,12.352825833970998,430.4595950928378,2491311.1490918254,False
25.0,CIDADE TIRADENTES,CIDADE TIRADENTES,70.8,Média,205023.0,136.0,2.2210481404622295,18.59185527631597,9.386562438221434,11.683896002240257,416.5860030338059,2318258.9999664705,False
11.0,BRASILANDIA,FREGUESIA-BRASILANDIA,72.5,Média,244763.0,118.0,5.45173121110452,84.75804418825611,18.109352912116233,12.823009513248564,522.609928379698,1983039.1074378507,True
42.0,JARAGUA,PIRITUBA-JARAGUA,69.0,Baixa,176246.0,176.0,4.357376124828803,76.55599530757131,20.70199080385487,19.679446756323657,587.6713445978916,1625822.117764104,False
76.0,SAPOPEMBA,SAPOPEMBA,73.4,Média,282269.0,134.0,8.527157132165982,70.1495472952397,8.549888627802101,32.52043391971663,548.205523808849,1609127.3833765176,True
75.0,SAO RAFAEL,SAO MATEUS,68.6,Baixa,144215.0,121.0,2.5044964917381334,36.413230911984826,16.106213533834065,8.012651474425962,447.573373088791,1589806.4762579119,False
55.0,PARELHEIROS,PARELHEIROS,57.6,Muito Baixa,125102.0,554.0,1.3320520797873994,10.196127211877098,10.364096297403256,26.948508536027987,419.413082124986,1525782.5137935053,False
44.0,JARDIM HELENA,SAO MIGUEL,66.3,Baixa,134364.0,90.0,3.332843304738811,33.32832518509389,10.111363446517885,8.587919068804947,416.28567101306896,1369910.4056277268,False
84.0,VILA CURUCA,ITAIM PAULISTA,71.9,Média,151705.0,90.0,4.711302514962546,28.876428526731154,6.31894583324544,8.172526830423902,505.75323423750046,1337591.7062030316,False
81.0,TREMEMBE,JACANA-TREMEMBE,70.6,Média,176887.0,233.0,6.727371699748866,81.55824033796881,18.27207271133769,17.38129701453043,776.0624285560839,1288245.6418535085,False
19.0,CAPAO REDONDO,CAMPO LIMPO,71.2,Média,274485.0,136.0,10.460467464856526,66.47267852898307,7.103194423967552,13.866785979929023,531.4282274076908,1271400.7238850347,False
33.0,IGUATEMI,SAO MATEUS,70.5,Média,124513.0,160.0,3.8523884114979245,33.32792348886733,9.19492294013256,8.773963938478506,427.9114116598266,1204784.2507565368,False
96.0,LAJEADO,GUAIANASES,63.4,Muito Baixa,160440.0,90.0,6.624725535228397,27.323389001676066,4.928274457333463,18.01773817148776,416.73146285215654,1145819.0673874612,False
58.0,PEDREIRA,CIDADE ADEMAR,64.6,Baixa,152378.0,137.0,6.565039591394835,79.02638757258005,12.850832364963916,23.2393277599518,491.8023763272913,1082659.3267057973,False
73.0,SAO MATEUS,SAO MATEUS,73.5,Alta,157007.0,121.0,7.682614661449216,58.38278692853794,8.487396267480753,21.256065169326543,606.4846146987077,953357.6167605782,True
61.0,PERUS,PERUS,61.0,Muito Baixa,79164.0,110.0,2.1686466067689247,74.11976153793299,43.16193003549415,18.953189014461536,478.70984033146385,899338.8302447477,False
87.0,VILA JACUI,SAO MIGUEL,72.4,Média,137754.0,78.0,7.246676145929208,54.722547808886446,7.8147619194972755,13.633188528502226,547.2869513770925,881179.8445733072,True
31.0,GUAIANASES,GUAIANASES,70.7,Média,106289.0,82.0,5.667179170284101,23.38238763318943,5.124042455137153,16.146713479852178,497.401993621165,858295.6599277045,False
3.0,ANHANGUERA,PERUS,59.7,Muito Baixa,66130.0,172.0,1.7057714553396504,83.42209396249017,62.8280307700471,31.0255262788116,525.1857976712536,781827.7806481957,False
13.0,CACHOEIRINHA,CASA VERDE-CACHOEIRINHA,76.9,Alta,143332.0,80.0,9.225492562182225,87.96707890020976,10.480319953754003,13.421588969336115,712.874702787933,740846.0988184984,True
28.0,ERMELINO MATARAZZO,ERMELINO MATARAZZO,70.6,Média,114009.0,78.0,8.70076303919608,65.24557826603652,8.409446235237395,15.727811099352001,639.7674245015744,611632.1979093872,False
23.0,CIDADE DUTRA,CAPELA DO SOCORRO,72.6,Média,192289.0,191.0,13.338817404000364,66.72302798690214,5.20618832078244,12.003073788128697,711.110381769108,588310.9066756108,True
22.0,CIDADE ADEMAR,CIDADE ADEMAR,72.1,Média,264133.0,118.0,15.972593854867581,90.04355650709046,6.32463548617221,18.019523016699342,653.066973077957,545132.9385256254,False
68.0,SACOMA,IPIRANGA,69.4,Média,244639.0,140.0,18.08514583233047,97.23803307451962,5.781446667656016,21.861484901685117,919.6864539178135,516347.10903577466,False
39.0,JACANA,JACANA-TREMEMBE,70.7,Média,109748.0,82.0,10.99032913994953,84.63572669364399,8.884870358277313,29.48901894961194,645.3043499653752,505910.37225749943,False
74.0,SAO MIGUEL,SAO MIGUEL,77.2,Alta,88434.0,72.0,8.279313748286546,43.866173117136746,5.428114636126886,8.510769767745455,625.1969921071081,478817.69419896073,True
95.0,SAO DOMINGOS,PIRITUBA-JARAGUA,62.0,Muito Baixa,79570.0,84.0,8.040690475592678,95.18746345867083,13.922228014453413,14.670583870308473,971.7051903983916,468978.302540845,False
24.0,CIDADE LIDER,ITAQUERA,71.4,Média,131086.0,95.0,10.485299177617035,73.17593002571115,7.36924943098915,10.893128285129023,695.7330729444793,451675.3339603137,False
63.0,PIRITUBA,PIRITUBA-JARAGUA,71.6,Média,161772.0,138.0,15.862442106136204,94.23376462117629,6.502975072706414,14.799693010808951,987.1579760403529,447897.71841837163,False
72.0,SAO LUCAS,VILA PRUDENTE,74.1,Alta,138037.0,92.0,13.749379032994016,90.90410082203368,6.848418501921163,18.942129974810086,892.469182900237,439130.5205701873,False
17.0,CAMPO LIMPO,CAMPO LIMPO,69.2,Baixa,214759.0,126.0,14.613254033931486,78.54180864979301,5.9601549884007925,10.005279531993061,706.1346402246238,425847.99193316256,False
47.0,JOSE BONIFACIO,ITAQUERA,70.8,Média,122979.0,128.0,15.200202480074793,39.515877892619706,2.539875376902583,18.591282857628215,580.2333699249465,360006.01980014046,False
65.0,RAPOSO TAVARES,BUTANTA,66.7,Baixa,107180.0,113.0,12.911076732107032,89.48294892789308,7.471063923691981,52.36385412561664,737.5289615599925,350738.7714714348,False
37.0,ITAQUERA,ITAQUERA,72.2,Média,203034.0,129.0,16.339708209018102,58.571218042519064,4.150086615568204,15.430946400922084,626.2222455352306,345198.1484289442,False
29.0,FREGUESIA DO O,FREGUESIA-BRASILANDIA,69.8,Média,142122.0,101.0,14.708402618345698,95.8040818343143,6.425166804180161,11.316779685462542,1003.6224891290582,330544.2945787069,False
46.0,JARDIM SAO LUIS,M'BOI MIRIM,70.6,Média,269389.0,179.0,17.394505953122078,83.91433739823336,5.089275290634187,9.486684612454,606.0783328198256,323154.70637667575,False
67.0,RIO PEQUENO,BUTANTA,62.1,Muito Baixa,116631.0,94.0,17.11175357913972,94.43438198900373,6.670623819611017,18.6937219358411,1363.181947338186,269548.6311372271,False
64.0,PONTE RASA,ERMELINO MATARAZZO,76.2,Alta,91560.0,62.0,11.449530726452174,74.59886527489411,7.024762701099484,12.184596769408005,785.9887308868501,260083.75583653085,True
57.0,PARQUE DO CARMO,ITAQUERA,68.2,Baixa,61700.0,84.0,11.11627092325216,53.0625037647995,4.693763037323466,16.150756630071925,716.6512285251215,189090.71503642597,False
51.0,MANDAQUI,SANTANA-TUCURUVI,69.5,Média,102460.0,74.0,15.99435270558752,93.46530044197301,6.147849215013701,13.87628937952194,1285.7321325395276,189052.57871468857,False
4.0,ARICANDUVA,ARICANDUVA-FORMOSA-CARRAO,78.5,Alta,91248.0,65.0,13.02870505152798,81.30462266221966,7.09434767840656,33.97069235160454,812.5001621953357,180098.6259961811,True
18.0,CANGAIBA,PENHA,78.6,Alta,140017.0,92.0,14.972103372947164,80.42667562450346,5.712072197197451,16.34852659180593,701.1252790732555,160849.6657361033,False
52.0,MARSILAC,PARELHEIROS,41.5,Muito Baixa,8512.0,165.0,0.03488953561575219,1.8365350901770803,128.44309635305805,7.93026311565984,337.8619243421053,114856.42061726992,False
93.0,VILA PRUDENTE,VILA PRUDENTE,71.8,Média,104890.0,91.0,27.9888893534497,97.22892484259721,3.3384192220984725,12.7806750777733,1217.8195194966156,113606.66231943721,False
5.0,ARTUR ALVIM,PENHA,71.3,Média,98128.0,57.0,15.69638273756256,76.40550249614485,5.06486780007507,14.619150753514896,746.0522501222891,77290.33312906518,False
85.0,VILA FORMOSA,ARICANDUVA-FORMOSA-CARRAO,77.7,Alta,89629.0,69.0,19.028200169631425,92.22170411871365,4.907478983896453,37.93459869720264,1280.8544165392898,47609.505264100146,False
20.0,CARRAO,ARICANDUVA-FORMOSA-CARRAO,78.5,Alta,80093.0,73.0,20.154435764561274,91.53728255221617,5.13039640128403,10.45951497337218,1244.3757394528861,46373.503837449134,False
83.0,VILA ANDRADE,CAMPO LIMPO,66.2,Baixa,121926.0,86.0,24.421343855653607,92.42304475573253,3.7256953819646457,8.460532389785167,2033.276177353477,40919.20528258109,False
27.0,CURSINO,IPIRANGA,65.6,Baixa,116134.0,91.0,31.81613015711455,98.2776954420297,3.1634322875849925,6.447374269237188,1359.4126336817815,39735.96306111302,False
41.0,JAGUARE,LAPA,66.2,Baixa,51921.0,58.0,24.615046613107015,97.24379730336216,3.752506930530068,20.130575006481696,1114.315148013328,35989.20914230065,False
40.0,JAGUARA,LAPA,60.9,Muito Baixa,27834.0,43.0,14.64697146126848,97.30846579155434,6.830688831438173,29.028417684913872,901.6481174103612,35936.535363509036,False
92.0,VILA MEDEIROS,VILA MARIA-VILA GUILHERME,77.4,Alta,130050.0,69.0,17.328708607073807,92.95704906791275,5.790863770110777,10.272917067058222,736.7855809304114,31527.83949454174,False
16.0,CAMPO GRANDE,SANTO AMARO,73.9,Alta,98084.0,102.0,22.082392218152346,91.56871289881137,4.1694503542767,10.846091425019743,1719.5553433791442,20528.048839480034,False
54.0,MORUMBI,BUTANTA,67.6,Baixa,48997.0,106.0,36.10156585304453,96.72827273078907,2.6594337183591406,4.042940701808655,3932.5565034593956,19771.220591436468,False
59.0,PENHA,PENHA,77.1,Alta,126405.0,105.0,21.961295056711148,87.7722146383949,4.039737087482748,10.437200018334707,1043.283188956133,15945.535213618645,False
91.0,VILA MATILDE,PENHA,73.3,Média,105812.0,86.0,22.013419224170192,87.81334750544985,4.384075940094262,11.924593709912978,985.852467584017,12842.777773788952,False
79.0,SOCORRO,CAPELA DO SOCORRO,76.7,Alta,36922.0,83.0,24.69637699007421,86.69666977237817,3.6727563899315365,7.290446565686711,1808.6930637560263,7039.394406330644,False
82.0,TUCURUVI,SANTANA-TUCURUVI,76.8,Alta,91320.0,82.0,31.918363408244964,94.75520686227055,3.0237082064241165,6.852087390665343,1344.8310183968463,6585.8854035218055,False
89.0,VILA MARIA,VILA MARIA-VILA GUILHERME,76.1,Alta,112392.0,106.0,26.881281264231482,96.51326608220585,3.668704866348349,13.565293397733523,817.9640152324008,4925.507427975796,False
38.0,JABAQUARA,JABAQUARA,72.6,Média,214637.0,131.0,30.519091523473488,96.48241297550773,3.2912667675286675,9.157630876504374,1276.4215051458975,4884.389091883809,False
80.0,TATUAPE,MOOCA,81.8,Alta,92225.0,82.0,34.798384105594344,97.15734123510909,2.8219763284544626,7.631369667617514,2183.774317159122,2555.416614095857,False
88.0,VILA LEOPOLDINA,LAPA,72.6,Média,40307.0,56.0,36.58741540257577,98.51661008656365,2.6520361042176464,11.829018991631333,2945.357796412534,2303.7653369914774,False
50.0,LIMAO,CASA VERDE-CACHOEIRINHA,73.3,Média,78473.0,57.0,24.22986215822608,97.21701312000043,4.172549863000819,12.31385745215311,953.5911166898168,392.8757654746464,False
94.0,VILA SONIA,BUTANTA,68.3,Baixa,108227.0,96.0,29.995568150302134,92.37062029043717,3.3353970700686006,16.560735288686786,1694.777400279043,0.0,False
77.0,SAUDE,VILA MARIANA,72.2,Média,131818.0,88.0,51.71513190408824,98.9266612435724,1.8853153399389226,3.4435423699264143,2543.5581536664185,0.0,False
78.0,SE,SE,79.5,Alta,24548.0,20.0,64.06264667823737,99.43165686628406,1.506970327978384,0.6934125555227747,875.0494989408506,0.0,False
90.0,VILA MARIANA,VILA MARIANA,77.5,Alta,127238.0,79.0,59.06099556085724,99.38890799367184,1.6588770033084885,2.354845661085755,3754.06592920354,0.0,False
86.0,VILA GUILHERME,VILA MARIA-VILA GUILHERME,72.9,Média,54594.0,64.0,34.55401526134328,97.7471369998883,2.8744322364173938,7.602467905757469,1195.574086895996,0.0,False
1.0,AGUA RASA,MOOCA,74.9,Alta,83615.0,67.0,29.1644075392391,97.19539209118197,3.325700265220359,12.317179165365845,1328.3109167015486,0.0,False
71.0,SANTO AMARO,SANTO AMARO,78.2,Alta,75098.0,144.0,41.011965052217924,95.26582321202419,2.271386455110624,4.289027145980167,3062.8563996378066,0.0,False
32.0,MOEMA,VILA MARIANA,84.4,Muito Alta,79999.0,76.0,53.18573146176919,99.16123151922878,1.870928370869277,2.180626213794024,4835.71322641533,0.0,False
6.0,BARRA FUNDA,LAPA,84.4,Muito Alta,17604.0,43.0,48.971826578936856,99.0451645562762,1.8629536462023195,5.97540142706488,2290.6851795046578,0.0,False
7.0,BELA VISTA,SE,85.2,Muito Alta,71749.0,27.0,60.11227228972217,99.54502934868087,1.6721154503032312,1.3683907008816654,2574.0320102022324,0.0,False
8.0,BELEM,MOOCA,84.5,Muito Alta,45437.0,54.0,45.198175332653406,98.30764878381615,2.090645620676469,4.7149007984311435,1317.6077579945859,0.0,False
9.0,BOM RETIRO,SE,81.3,Alta,33102.0,36.0,58.26599113430813,99.20155000881014,1.6233241873820723,1.2501770898811766,993.0850099691862,0.0,False
10.0,BRAS,MOOCA,86.8,Muito Alta,29797.0,34.0,59.9503852524131,99.16129818373783,1.6827739407360818,2.0582014878351416,889.8454408161895,0.0,False
12.0,BUTANTA,BUTANTA,75.4,Alta,60384.0,88.0,38.3114721181038,95.19328974107889,2.447345737061988,9.77758463069678,1997.1285141759408,0.0,False
14.0,CAMBUCI,SE,81.4,Alta,36997.0,37.0,45.92629656503472,99.1936858771513,2.1835063568921074,4.6553399003170615,1706.9475011487416,0.0,False
15.0,CAMPO BELO,SANTO AMARO,79.3,Alta,65317.0,77.0,41.83950821235718,98.35080127917614,2.330087882431504,3.828553297867227,2957.9270542125328,0.0,False
21.0,CASA VERDE,CASA VERDE-CACHOEIRINHA,73.5,Alta,88926.0,68.0,30.21585819942934,97.65952938163265,3.3410304868518685,8.507446865662603,1117.1024278613681,0.0,False
26.0,CONSOLACAO,SE,80.4,Alta,51299.0,32.0,60.79323269160581,99.29213488419147,1.5893939858448325,2.6124720258188967,3828.1107058617126,0.0,False
34.0,IPIRANGA,IPIRANGA,74.1,Alta,108121.0,98.0,43.320758682605124,98.94314495122534,2.355310424903049,5.287667990406099,1538.574459170744,0.0,False
70.0,SANTANA,SANTANA-TUCURUVI,81.0,Alta,119430.0,103.0,39.06325531129473,97.33584370806292,2.5015419312623104,6.1359717254795,2040.7409302520305,0.0,False
35.0,ITAIM BIBI,PINHEIROS,83.9,Muito Alta,96897.0,91.0,53.05253433027338,98.51172045291254,1.8456136942885164,2.9648286936968193,4260.522315448363,0.0,False
45.0,JARDIM PAULISTA,PINHEIROS,83.7,Muito Alta,91747.0,60.0,60.43607325010139,99.35913698016272,1.6574679257169693,2.040294806171787,4690.15811961154,0.0,False
48.0,LAPA,LAPA,77.2,Alta,67296.0,92.0,40.886707414125645,98.835777086954,2.4008712865522766,5.702586170147406,2483.2408523537806,0.0,False
2.0,ALTO DE PINHEIROS,PINHEIROS,72.3,Média,38184.0,61.0,43.88855371408887,98.49732235012904,2.252625247510521,6.6687207714441135,3952.6296197360143,0.0,False
53.0,MOOCA,MOOCA,77.3,Alta,76139.0,77.0,39.06921875074534,98.61288494843033,2.666739950840539,4.360664014697433,1920.3710279882848,0.0,False
56.0,PARI,MOOCA,73.5,Alta,17356.0,25.0,50.75115968265816,98.81560903132888,2.028333235720197,4.538202555852954,936.8942440654529,0.0,False
60.0,PERDIZES,LAPA,71.4,Média,108079.0,59.0,44.9108279691642,99.01893120287916,2.2402884872685624,4.4164401964532995,3361.2539633046204,0.0,False
62.0,PINHEIROS,PINHEIROS,83.7,Muito Alta,64840.0,78.0,59.02353233807107,98.74699789594341,1.6405338289941105,3.1436147114312476,3717.0832310302285,0.0,False
66.0,REPUBLICA,SE,89.6,Muito Alta,53544.0,22.0,67.82349165364099,99.48102955275805,1.4608560487746076,0.8323391480916398,1525.5697594501717,0.0,False
69.0,SANTA CECILIA,SE,84.7,Muito Alta,89180.0,37.0,58.545558264407674,99.2838390330509,1.6605032108556377,2.8248654855602124,2244.2019589594083,0.0,False
49.0,LIBERDADE,SE,75.2,Alta,69074.0,33.0,52.18364216253832,99.41114275641631,1.9273895971914372,2.751281194322398,2097.080955207459,0.0,False
